INSERT INTO `dashletmodule` (`id`,`path`,`title`,`config`,`paneConfig`,`dashletConfig`,`style`,`cls`,`attr`,`description`,`createdBy`,`modifiedBy`,`sharedBy`,`created`,`modified`,`shared`,`groupName`,`userData`,`viewOrder`,`groupOrder`,`UserProperty1`,`UserProperty2`,`UserProperty3`) VALUES (1,'[MVCDefault]','Html Editor','{mvcConfig:{\"controller\":\"/Dashlets/Html\", autoEdit:false}, editor: { path: \"[MVCDefault]\", useWindow:false}, iconClass:\"glyphicon-comment\"}','{\"cssClass\":null,\"builtInCommands\":[\"maximize\",\"restore\",\"remove\"],\"customCommands\":[]}','{}',NULL,NULL,NULL,'Put a Html value inside your dashboard','Kalitte',NULL,NULL,'2012-07-01 00:00:00',NULL,NULL,'Library',NULL,NULL,NULL,NULL,NULL,NULL);
INSERT INTO `dashletmodule` (`id`,`path`,`title`,`config`,`paneConfig`,`dashletConfig`,`style`,`cls`,`attr`,`description`,`createdBy`,`modifiedBy`,`sharedBy`,`created`,`modified`,`shared`,`groupName`,`userData`,`viewOrder`,`groupOrder`,`UserProperty1`,`UserProperty2`,`UserProperty3`) VALUES (2,'dashlets/chartjs/index','Chart JS Sample','{mvcConfig:{\"controller\":\"/Dashlets/ChartJS\", autoEdit:false}, editor: { path: \"dashlets/chartjs/editor\", useWindow:true}, iconClass:\"glyphicon-stats\"}','{\"cssClass\":null,\"builtInCommands\":[\"maximize\",\"restore\",\"remove\", \"clone\"],\"customCommands\":[]}','{}',NULL,NULL,NULL,'A sample chart using chart.js jquery plugin','Kalitte',NULL,NULL,'2012-07-01 00:00:00',NULL,NULL,'Samples',NULL,NULL,NULL,NULL,NULL,NULL);
INSERT INTO `dashletmodule` (`id`,`path`,`title`,`config`,`paneConfig`,`dashletConfig`,`style`,`cls`,`attr`,`description`,`createdBy`,`modifiedBy`,`sharedBy`,`created`,`modified`,`shared`,`groupName`,`userData`,`viewOrder`,`groupOrder`,`UserProperty1`,`UserProperty2`,`UserProperty3`) VALUES (3,'dashlets/sparkline/index','Sparkline Sample','{mvcConfig:{\"controller\":\"/Dashlets/SparkLine\", autoEdit:false}, editor: { path: \"dashlets/sparkline/editor\", useWindow:false},iconClass:\"glyphicon-signal\"}','{\"cssClass\":null,\"builtInCommands\":[\"maximize\",\"restore\",\"remove\"],\"customCommands\":[]}','{}',NULL,NULL,NULL,'Spark lines sample using jquery sparklines plugin','Kalitte',NULL,NULL,'2012-07-01 00:00:00',NULL,NULL,'Samples',NULL,NULL,NULL,NULL,NULL,NULL);
INSERT INTO `dashletmodule` (`id`,`path`,`title`,`config`,`paneConfig`,`dashletConfig`,`style`,`cls`,`attr`,`description`,`createdBy`,`modifiedBy`,`sharedBy`,`created`,`modified`,`shared`,`groupName`,`userData`,`viewOrder`,`groupOrder`,`UserProperty1`,`UserProperty2`,`UserProperty3`) VALUES (4,'dashlets/jvectormap/index','JVectorMap Sample','{mvcConfig:{\"controller\":\"/Dashlets/JVectorMap\", autoEdit:false}, editor: { path: \"dashlets/jvectormap/editor\", useWindow:false}}','{\"cssClass\":null,\"builtInCommands\":[\"maximize\",\"restore\",\"remove\"],\"customCommands\":[]}','{}',NULL,NULL,NULL,'Geographic visualization using JVectorMap plugin','Kalitte',NULL,NULL,'2012-07-01 00:00:00',NULL,NULL,'Samples',NULL,NULL,NULL,NULL,NULL,NULL);
INSERT INTO `dashletmodule` (`id`,`path`,`title`,`config`,`paneConfig`,`dashletConfig`,`style`,`cls`,`attr`,`description`,`createdBy`,`modifiedBy`,`sharedBy`,`created`,`modified`,`shared`,`groupName`,`userData`,`viewOrder`,`groupOrder`,`UserProperty1`,`UserProperty2`,`UserProperty3`) VALUES (5,'dashlets/angular/index','AngularJs ToDo','{mvcConfig:{\"controller\":\"/Dashlets/AngularTodo\", autoEdit:false}, iconClass: \"glyphicon-wrench\"}','{\"cssClass\":null,\"builtInCommands\":[\"maximize\",\"restore\",\"remove\"],\"customCommands\":[]}','{}',NULL,NULL,NULL,'Dashlet demonstrates how to use AngularJs library','Kalitte',NULL,NULL,'2012-07-01 00:00:00',NULL,NULL,'Samples',NULL,NULL,NULL,NULL,NULL,NULL);
INSERT INTO `dashletmodule` (`id`,`path`,`title`,`config`,`paneConfig`,`dashletConfig`,`style`,`cls`,`attr`,`description`,`createdBy`,`modifiedBy`,`sharedBy`,`created`,`modified`,`shared`,`groupName`,`userData`,`viewOrder`,`groupOrder`,`UserProperty1`,`UserProperty2`,`UserProperty3`) VALUES (8,'[MVCDefault]','Rss','{mvcConfig:{\"controller\":\"/Dashlets/Rss\", autoEdit:true}, editor: { path: \"[MVCDefault]\", useWindow:false}, iconClass:\"glyphicon-volume-up\"}','{\"cssClass\":null,\"builtInCommands\":[\"maximize\",\"restore\",\"remove\"],\"customCommands\":[]}','{}',NULL,NULL,NULL,'Get Rss feeds.','Kalitte',NULL,NULL,'2012-07-01 00:00:00',NULL,NULL,'Library',NULL,NULL,NULL,NULL,NULL,NULL);
INSERT INTO `dashletmodule` (`id`,`path`,`title`,`config`,`paneConfig`,`dashletConfig`,`style`,`cls`,`attr`,`description`,`createdBy`,`modifiedBy`,`sharedBy`,`created`,`modified`,`shared`,`groupName`,`userData`,`viewOrder`,`groupOrder`,`UserProperty1`,`UserProperty2`,`UserProperty3`) VALUES (10,'dashlets/weatherBoard/index','WeatherBoard','{mvcConfig:{\"controller\":\"/Dashlets/WeatherBoard\", autoEdit:true}, editor: { path: \"dashlets/weatherBoard/editor\", useWindow:false}, iconClass:\"glyphicon-asterisk\"}','{\"cssClass\":null,\"builtInCommands\":[\"maximize\",\"restore\",\"remove\"],\"customCommands\":[]}','{}',NULL,NULL,NULL,'Get Rss feeds.','Kalitte',NULL,NULL,'2012-07-01 00:00:00',NULL,NULL,'Library',NULL,NULL,NULL,NULL,NULL,NULL);
INSERT INTO `dashletmodule` (`id`,`path`,`title`,`config`,`paneConfig`,`dashletConfig`,`style`,`cls`,`attr`,`description`,`createdBy`,`modifiedBy`,`sharedBy`,`created`,`modified`,`shared`,`groupName`,`userData`,`viewOrder`,`groupOrder`,`UserProperty1`,`UserProperty2`,`UserProperty3`) VALUES (11,'dashlets/GoogleMap/index','Google Map','{mvcConfig:{\"controller\":\"/Dashlets/GoogleMap\", autoEdit:true}, iconClass:\"glyphicon-map-marker\"}','{\"cssClass\":null,\"builtInCommands\":[\"maximize\",\"restore\",\"remove\"],\"customCommands\":[]}','{}',NULL,NULL,NULL,'Map','Kalitte',NULL,NULL,'2012-07-01 00:00:00',NULL,NULL,'Samples',NULL,NULL,NULL,NULL,NULL,NULL);

INSERT INTO `dashboard` (`id`,`title`,`layout`,`config`,`paneConfig`,`style`,`cls`,`attr`,`groupName`,`description`,`createdBy`,`modifiedBy`,`sharedBy`,`created`,`modified`,`shared`,`userData`,`viewOrder`,`groupOrder`,`UserProperty1`,`UserProperty2`,`UserProperty3`) VALUES (2134,'Hi! I\'m your first dashboard.','{\"type\":\"grid\",\"sections\":{\"section1\":{\"zones\":{\"zone1\":{},\"zone2\":{},\"zone3\":{}}}},\"addFirst\":true}','{\"color\":\"#009900\"}','null',NULL,NULL,NULL,'My Dashboards','','',NULL,NULL,'2014-05-26 20:19:44',NULL,NULL,NULL,NULL,NULL,NULL,NULL,NULL);
INSERT INTO `dashboard` (`id`,`title`,`layout`,`config`,`paneConfig`,`style`,`cls`,`attr`,`groupName`,`description`,`createdBy`,`modifiedBy`,`sharedBy`,`created`,`modified`,`shared`,`userData`,`viewOrder`,`groupOrder`,`UserProperty1`,`UserProperty2`,`UserProperty3`) VALUES (2136,'And I\'m second','{\"type\":\"grid\",\"sections\":{\"section1\":{\"zones\":{\"zone1\":{},\"zone2\":{},\"zone3\":{}}}},\"addFirst\":true}','{\"color\":\"#FF4500\"}','null',NULL,NULL,NULL,'My Dashboards','','',NULL,NULL,'2014-05-30 10:56:23',NULL,NULL,NULL,NULL,NULL,NULL,NULL,NULL);
INSERT INTO `dashboard` (`id`,`title`,`layout`,`config`,`paneConfig`,`style`,`cls`,`attr`,`groupName`,`description`,`createdBy`,`modifiedBy`,`sharedBy`,`created`,`modified`,`shared`,`userData`,`viewOrder`,`groupOrder`,`UserProperty1`,`UserProperty2`,`UserProperty3`) VALUES (2138,'And I\'m third!','{\"type\":\"grid\",\"sections\":{\"section1\":{\"zones\":{\"zone1\":{},\"zone2\":{},\"zone3\":{}}}},\"addFirst\":true}','null','null',NULL,NULL,NULL,'My Dashboards','','',NULL,NULL,'2014-06-02 18:59:48',NULL,NULL,NULL,NULL,NULL,NULL,NULL,NULL);

INSERT INTO `dashlet` (`id`,`dashboardId`,`dashletModuleId`,`title`,`config`,`paneConfig`,`position`,`style`,`cls`,`attr`,`groupName`,`description`,`createdBy`,`modifiedBy`,`sharedBy`,`created`,`modified`,`shared`,`userData`,`UserProperty1`,`UserProperty2`,`UserProperty3`) VALUES (5757,2134,1,'Html Editor','{\"html\":\"<h2>Design your dashboard</h2>\\r\\n<p>Select a dashlet and drop onto the dashboard\\r\\n</p>\\r\\n<img src=\\\"/content/images/add-dashlet-drag-drop.png\\\" alt=\\\"Drag drop dashboard design\\\">\\r\\n<h4><a href=\\\"javascript:createOrUpdateDashboard();\\\"> Or create a new one</a></h4>\"}','{\"builtInCommands\":[\"maximize\",\"restore\",\"remove\"],\"customCommands\":[]}','{\"section\":\"section1\",\"zone\":\"zone1\",\"pos\":0}',NULL,NULL,NULL,'','','',NULL,NULL,'2014-05-30 10:56:19',NULL,NULL,NULL,NULL,NULL,NULL);
INSERT INTO `dashlet` (`id`,`dashboardId`,`dashletModuleId`,`title`,`config`,`paneConfig`,`position`,`style`,`cls`,`attr`,`groupName`,`description`,`createdBy`,`modifiedBy`,`sharedBy`,`created`,`modified`,`shared`,`userData`,`UserProperty1`,`UserProperty2`,`UserProperty3`) VALUES (5761,2136,2,'Chart JS Sample','{}','{\"builtInCommands\":[\"maximize\",\"restore\",\"remove\",\"clone\"],\"customCommands\":[]}','{\"section\":\"section1\",\"zone\":\"zone1\",\"pos\":0}',NULL,NULL,NULL,'','','',NULL,NULL,'2014-05-30 10:56:27',NULL,NULL,NULL,NULL,NULL,NULL);
INSERT INTO `dashlet` (`id`,`dashboardId`,`dashletModuleId`,`title`,`config`,`paneConfig`,`position`,`style`,`cls`,`attr`,`groupName`,`description`,`createdBy`,`modifiedBy`,`sharedBy`,`created`,`modified`,`shared`,`userData`,`UserProperty1`,`UserProperty2`,`UserProperty3`) VALUES (5767,2134,10,'WeatherBoard','{}','{\"builtInCommands\":[\"maximize\",\"restore\",\"remove\"],\"customCommands\":[]}','{\"section\":\"section1\",\"zone\":\"zone2\",\"pos\":0}',NULL,NULL,NULL,'','','',NULL,NULL,'2014-06-02 18:38:18',NULL,NULL,NULL,NULL,NULL,NULL);
INSERT INTO `dashlet` (`id`,`dashboardId`,`dashletModuleId`,`title`,`config`,`paneConfig`,`position`,`style`,`cls`,`attr`,`groupName`,`description`,`createdBy`,`modifiedBy`,`sharedBy`,`created`,`modified`,`shared`,`userData`,`UserProperty1`,`UserProperty2`,`UserProperty3`) VALUES (5768,2136,2,'Chart JS Sample','{\"model\":{\"ChartType\":\"Doughnut\",\"ChartData\":\"[{\\\"value\\\":30,\\\"color\\\":\\\"#F7464A\\\"},{\\\"value\\\":50,\\\"color\\\":\\\"#E2EAE9\\\"},{\\\"value\\\":100,\\\"color\\\":\\\"#D4CCC5\\\"},{\\\"value\\\":40,\\\"color\\\":\\\"#949FB1\\\"},{\\\"value\\\":120,\\\"color\\\":\\\"#4D5360\\\"}]\"}}','{\"builtInCommands\":[\"maximize\",\"restore\",\"remove\",\"clone\"],\"customCommands\":[]}','{\"section\":\"section1\",\"zone\":\"zone1\",\"pos\":1}',NULL,NULL,NULL,'','','',NULL,NULL,'2014-06-02 18:38:52',NULL,NULL,NULL,NULL,NULL,NULL);
INSERT INTO `dashlet` (`id`,`dashboardId`,`dashletModuleId`,`title`,`config`,`paneConfig`,`position`,`style`,`cls`,`attr`,`groupName`,`description`,`createdBy`,`modifiedBy`,`sharedBy`,`created`,`modified`,`shared`,`userData`,`UserProperty1`,`UserProperty2`,`UserProperty3`) VALUES (5769,2136,4,'JVectorMap Sample','{\"model\":{\"MapId\":\"us-aea-en\"}}','{\"builtInCommands\":[\"maximize\",\"restore\",\"remove\"],\"customCommands\":[]}','{\"section\":\"section1\",\"zone\":\"zone3\",\"pos\":0}',NULL,NULL,NULL,'','','',NULL,NULL,'2014-06-02 18:38:59',NULL,NULL,NULL,NULL,NULL,NULL);
INSERT INTO `dashlet` (`id`,`dashboardId`,`dashletModuleId`,`title`,`config`,`paneConfig`,`position`,`style`,`cls`,`attr`,`groupName`,`description`,`createdBy`,`modifiedBy`,`sharedBy`,`created`,`modified`,`shared`,`userData`,`UserProperty1`,`UserProperty2`,`UserProperty3`) VALUES (5770,2136,8,'From JDash Blog','{\"url\":\"http://blog.jdash.net/syndication.axd\",\"limit\":2,\"showBody\":true}','{\"builtInCommands\":[\"maximize\",\"restore\",\"remove\"],\"customCommands\":[]}','{\"section\":\"section1\",\"zone\":\"zone2\",\"pos\":0}',NULL,NULL,NULL,'','','',NULL,NULL,'2014-06-02 18:39:20',NULL,NULL,NULL,NULL,NULL,NULL);
INSERT INTO `dashlet` (`id`,`dashboardId`,`dashletModuleId`,`title`,`config`,`paneConfig`,`position`,`style`,`cls`,`attr`,`groupName`,`description`,`createdBy`,`modifiedBy`,`sharedBy`,`created`,`modified`,`shared`,`userData`,`UserProperty1`,`UserProperty2`,`UserProperty3`) VALUES (5771,2136,5,'AngularJs ToDo','{}','{\"builtInCommands\":[\"maximize\",\"restore\",\"remove\"],\"customCommands\":[]}','{\"section\":\"section1\",\"zone\":\"zone3\",\"pos\":1}',NULL,NULL,NULL,'','','',NULL,NULL,'2014-06-02 18:41:38',NULL,NULL,NULL,NULL,NULL,NULL);
